node_id,latitude,longitude
263152321,24.151687,120.6924832
2957200727,24.1529096,120.6889556
3190269883,24.1546836,120.6862683
2493550216,24.1547083,120.6861608
13336612219,24.1536811,120.6891678
1234819198,24.1642253,120.6462904
3683225207,24.1535883,120.6530231
343353868,24.1640093,120.6692195
2319977808,24.1637974,120.6692112
378725851,24.1668826,120.6512293
1264707084,24.1665523,120.6524269
8122997582,24.1559422,120.6857282
2273314773,24.1559406,120.6856048
2273314779,24.1576351,120.6851058
378731550,24.157636,120.6850051
2225388567,24.1825852,120.6025482
387741401,24.1714966,120.6611925
768592748,24.1675293,120.6731545
2657775918,24.1499384,120.6538748
1263334057,24.1603986,120.6481774
2775522632,24.1604773,120.6480344
2409937539,24.1716628,120.6718218
2409937096,24.1701096,120.6722041
3698691325,24.1669213,120.6732327
768592707,24.1737323,120.6714544
2451467899,24.1738477,120.6738991
3751531028,24.1734552,120.6761348
2440634484,24.1728732,120.6793906
1210476794,24.1703794,120.63218
1193938417,24.1365386,120.6878674
703698045,24.1361143,120.6868612
704461113,24.1619152,120.654634
2320003264,24.1643711,120.6506144
2320003261,24.1642791,120.6507802
4422167092,24.1611382,120.654815
3469522868,24.1606139,120.655879
791389919,24.160356,120.656417
703698051,24.140802,120.682929
1270027397,24.1401079,120.6822094
746174381,24.1590756,120.6559938
746174412,24.1591676,120.6560381
380039432,24.1602088,120.6616662
2285844923,24.1601738,120.6617405
746174341,24.1467203,120.6530175
387741226,24.1658794,120.6520039
1264707114,24.1659858,120.6518091
2493550214,24.1512891,120.6772112
2320046580,24.150279,120.6761709
2285774260,24.1490902,120.674946
380037311,24.1483657,120.6741998
2924917820,24.1481823,120.6740107
3502458873,24.151183,120.6773182
3502458872,24.1513287,120.677331
1270027375,24.1414933,120.6806256
2310876554,24.167789,120.6482485
1019448873,24.1555189,120.6625243
1019448878,24.1555736,120.6625574
1166242282,24.160355,120.6362962
2674338880,24.160507,120.6363374
2597737524,24.1605546,120.6362521
2597737523,24.1604147,120.636186
1167824232,24.1761325,120.6353576
1167823606,24.1743349,120.63513
2796037637,24.1729339,120.6357232
2599103054,24.172441,120.6455096
2852195871,24.1555598,120.6467003
1208283424,24.1563815,120.6438947
1208283411,24.1574535,120.641922
1208283527,24.1575312,120.6417955
1208283405,24.1590069,120.6390589
1208293900,24.1488278,120.6468702
1263334038,24.1488087,120.6466451
1208283497,24.1536957,120.6383661
1263334032,24.1427447,120.6468464
3010403340,24.1546138,120.646703
1210454933,24.1678991,120.6461377
1210454966,24.1638468,120.6502774
3323240001,24.1418685,120.6674769
1264707115,24.1703944,120.6978021
1229056381,24.1694831,120.7060224
3212772158,24.1712743,120.7095803
2078496647,24.1722042,120.7113547
5094365563,24.1479028,120.699352
13358756940,24.1479598,120.7005756
1270027352,24.1432632,120.6785918
2597767457,24.1626298,120.645323
2597767460,24.1627422,120.6452198
1234819346,24.1641899,120.642573
2597739077,24.1575466,120.641994
2597737511,24.1571355,120.6467192
746174308,24.1508761,120.6530209
413411798,24.1508767,120.6498083
2255483095,24.1615856,120.6489984
2225388579,24.1832203,120.6154421
2284346549,24.1415075,120.6821171
1270027354,24.1408168,120.6813973
1234819127,24.1508894,120.6466658
1234819312,24.1507837,120.6466648
5536966026,24.146793,120.646625
2409937179,24.173387,120.6681043
3523162343,24.1733464,120.667781
2409937238,24.1732096,120.6670755
2409694866,24.1726039,120.6641057
5819748699,24.1722123,120.6626977
1264707103,24.1717139,120.6610796
1264707098,24.1704272,120.6977065
2222553885,24.1607432,120.6531465
2222553883,24.1606653,120.653086
2285774370,24.1539633,120.6748152
2285774371,24.1539333,120.6754347
2555091628,24.1475998,120.671988
2320046532,24.1469416,120.6727159
2320046571,24.1468758,120.6727894
2127364299,24.1526832,120.6772301
2283708860,24.1528144,120.6773455
2320046553,24.1483033,120.6742753
2127364247,24.1447545,120.6783608
1634084657,24.1911937,120.6654365
1632701037,24.1804328,120.6820037
2479028923,24.1803975,120.6827183
1696147066,24.1815209,120.6853669
2386180264,24.1817944,120.645034
4195127670,24.1819947,120.6501479
1905096254,24.1703474,120.7140166
2273306426,24.1823723,120.7177919
369670890,24.1822499,120.717786
1296887545,24.1823796,120.7118862
2408395665,24.1644258,120.7141481
3212781967,24.1706058,120.7115572
5042099483,24.18237,120.7107782
5042099482,24.1822621,120.7107312
5262395272,24.1401406,120.6626208
2406512866,24.1400506,120.6626187
3323240005,24.1425805,120.6682159
2320046576,24.1425193,120.6682911
2154860733,24.2013024,120.6709289
11935327603,24.2012857,120.6684201
11935327604,24.201288,120.6683108
2625617410,24.201266,120.6653402
3698691327,24.1669258,120.6733465
3469522839,24.1670718,120.6779611
263151909,24.1981327,120.6566299
2181538093,24.1998107,120.6564951
2181538078,24.1991519,120.6550544
2640718951,24.1995677,120.6556344
2640719106,24.1960841,120.6477448
2640719113,24.1961284,120.6478501
2640719134,24.1978115,120.6519149
2640719132,24.1979328,120.6521929
2181538077,24.1984417,120.6533597
2625594581,24.1985092,120.6535174
2625594518,24.1989739,120.6546288
3433258560,24.1991012,120.6549332
3433258559,24.199135,120.655014
2440630893,24.1726807,120.6816897
2192293380,24.1725366,120.6816716
2501749581,24.1718388,120.6816109
2440639547,24.1711228,120.6815398
1229056405,24.177145,120.7302726
2222505682,24.1384253,120.6856353
1629241738,24.1394069,120.6845297
3282747193,24.1376383,120.6847989
297716895,24.1477,120.6734986
2222522430,24.1476368,120.6735692
1263333967,24.1626583,120.6494986
704461096,24.1625771,120.6496376
2222553768,24.1483572,120.6727777
3683225182,24.162508,120.6493975
1263334034,24.1624306,120.6495407
13021803229,24.1508799,120.6700613
2222553805,24.1532025,120.6669615
2222553894,24.1627366,120.6495514
1019448875,24.1644643,120.6463717
1264707073,24.1628414,120.6496212
3683225171,24.1690419,120.6391775
2249636453,24.1479871,120.6993558
2155791898,24.1819997,120.721515
2273306394,24.1822048,120.7194642
2440630866,24.181939,120.6885397
5374105972,24.1821025,120.689665
2479028988,24.1823314,120.6908392
3324711840,24.1826088,120.6920488
2273306446,24.1827817,120.6926783
3388981056,24.1829321,120.6932719
3390619400,24.1831087,120.6942413
2479029001,24.1831942,120.6950832
4423739243,24.1992567,120.6708929
2273307170,24.1979442,120.6708996
4423739215,24.196681,120.6708997
7509130526,24.1954159,120.6709004
277967597,24.1930863,120.6712541
2273314799,24.1629937,120.685002
2273314792,24.1615601,120.685012
2273314786,24.1602713,120.685007
957911268,24.1590462,120.6850011
3190269879,24.1547815,120.6862388
3285467668,24.1512561,120.6704862
2222553812,24.1538167,120.6655587
2222553813,24.153876,120.6656336
2320066233,24.1556964,120.6815316
2285774321,24.1522031,120.6733001
2285774335,24.1530585,120.6732832
2285774382,24.1539563,120.6736385
2285774310,24.1515747,120.6729346
2285774320,24.1522021,120.6730302
2285774309,24.1515761,120.6725556
1270027356,24.1557259,120.6705019
2285774258,24.1490206,120.6750533
5643749594,24.1572295,120.6736333
4422881983,24.1572309,120.6744014
2285774511,24.1572333,120.6757801
2285774575,24.1592153,120.6662564
2285774590,24.1620605,120.6641565
2319986975,24.1491671,120.6736065
2440634456,24.1631512,120.6765419
701938726,24.1317673,120.6766602
263152657,24.1530623,120.6668081
297717106,24.1531404,120.6668931
2286334586,24.1526179,120.666332
2286357575,24.1454313,120.6712867
3001732569,24.1454928,120.6712144
703553377,24.1344737,120.6829326
2310876549,24.1644509,120.660393
1263333961,24.1594367,120.6473677
2319977889,24.165152,120.6721818
2319977877,24.1644417,120.670529
2319977843,24.1642361,120.6705275
343353860,24.1629447,120.6679379
1215998836,24.1628385,120.6679705
2641897013,24.1649089,120.6721757
2285844975,24.1629407,120.6680897
2320003290,24.1985683,120.6523695
2285774454,24.1557252,120.6753708
2494655713,24.1509348,120.6754229
2222522424,24.1473636,120.6738736
3001732576,24.1479073,120.6738483
3001732574,24.1472413,120.6731572
2320046536,24.1565332,120.6592584
1229056176,24.1758374,120.7191951
5411985854,24.1997131,120.655683
2625617400,24.2007278,120.6653439
4422745683,24.2007139,120.6683126
4423739256,24.2007179,120.6684284
2154860686,24.2007228,120.6709297
2222553858,24.1572306,120.6598327
791401855,24.1591263,120.661062
2222553856,24.1571746,120.6596665
2222553854,24.1571035,120.6596213
2222553852,24.1569916,120.6595501
2285774550,24.1582547,120.6760565
2384401272,24.165198,120.6755507
5645685000,24.1628369,120.6661086
2641897076,24.1629377,120.6660703
2401099637,24.1967652,120.6574574
2401099660,24.1966931,120.6573413
2387142821,24.1741232,120.6221789
2387143000,24.1749394,120.619927
2403314236,24.1755755,120.6590816
2403313853,24.1742179,120.6588663
3683225170,24.1676707,120.6409792
2403314520,24.1739575,120.6554922
2403314155,24.1740243,120.6563572
5819883713,24.1740319,120.6564561
2403314052,24.1741061,120.6574176
2403314074,24.1743229,120.6599819
2403314189,24.1743478,120.6600899
2403314470,24.1678519,120.6541376
2403314035,24.1679723,120.654011
2403313802,24.1692768,120.6556249
2403314576,24.1723722,120.6607369
2403314364,24.1713143,120.6575651
2403314443,24.1695263,120.6524255
2403314554,24.1697932,120.65426
2403314029,24.1694179,120.6562024
2403314109,24.1696118,120.6560779
2599103071,24.1761085,120.6551404
2410079294,24.1653618,120.6622162
2403409709,24.1708912,120.6590951
3426698187,24.170298,120.6323137
2408395759,24.1651131,120.6739259
2319962394,24.165148,120.6737794
1019448903,24.1648684,120.6738937
1019448911,24.164849,120.6740075
2336845121,24.1642153,120.7151352
1019448936,24.1650365,120.6850027
5286997095,24.1650358,120.6851116
2273314810,24.1653108,120.6851188
2273314809,24.1653127,120.6850096
2409936985,24.1742294,120.6677923
2409937359,24.1732251,120.6681919
2409937110,24.1629999,120.6634904
2674338887,24.1614899,120.6630169
4015756593,24.1613966,120.663106
2409937025,24.1766184,120.669997
2409937454,24.1765155,120.669899
2409937282,24.1757022,120.6685919
2493534439,24.1746071,120.6681245
2409937063,24.1745398,120.6680425
3523162342,24.173874,120.6675421
2409937271,24.1730039,120.6669838
2409937389,24.166811,120.6653694
2599103072,24.1761716,120.6516736
2414186999,24.1760777,120.6516707
2384398736,24.1591937,120.6762509
2440634454,24.1604107,120.6763413
2493436036,24.1616945,120.6764457
2440634532,24.1654362,120.6773051
2444006928,24.1663577,120.6777846
3469522840,24.1670806,120.6783213
2273314824,24.1708562,120.6853072
3728618197,24.1709206,120.684603
2440639545,24.1710244,120.683396
2440639546,24.1710607,120.6823886
2501749575,24.17117,120.6804699
2440634514,24.1712348,120.6793603
2444004934,24.1658218,120.6771555
2444007391,24.1654441,120.6767448
2444011716,24.1654628,120.6754172
2406512880,24.1401321,120.6638691
2406512869,24.1400485,120.6638685
3711538610,24.17337,120.6855256
2273307100,24.1816543,120.6840253
2479028934,24.181004,120.6839926
2273307102,24.1817588,120.6828108
2479028937,24.1810756,120.6827583
1296335911,24.1827707,120.6991754
2273306346,24.1815816,120.6875289
3469090292,24.1689734,120.6195728
2273314793,24.1615561,120.6851072
3190269880,24.154616,120.686204
2273314842,24.1757927,120.6857004
2273314841,24.1757779,120.6858095
3728618946,24.168582,120.6788633
3728618944,24.1686146,120.6785288
1619106756,24.1431151,120.6802826
2222522344,24.1424272,120.6795497
2494655709,24.1521782,120.6772231
2494657652,24.1688278,120.6727259
2494659371,24.1740128,120.6740949
2494659382,24.1740765,120.6738019
2599103059,24.1733947,120.6468088
1210454810,24.1733268,120.6469048
3999501198,24.1774156,120.6708926
2479028881,24.1783265,120.6717095
2501749574,24.1718971,120.6805749
2440634513,24.1719817,120.6795456
3353721801,24.1717492,120.682461
2501749582,24.1716689,120.6834355
3728618198,24.1694566,120.6853382
3728618200,24.1694629,120.6852257
2663073646,24.1695216,120.6840945
2273314821,24.1684046,120.6852595
1264707090,24.1739379,120.6714115
1634084666,24.2041922,120.6529826
3671153261,24.1449235,120.6468339
2597784460,24.1467924,120.6468472
2386180220,24.182316,120.6449615
2599103060,24.1741811,120.6478552
2569917262,24.1741129,120.6479287
3683225178,24.1658061,120.6436837
1208283549,24.1659184,120.6437838
2569917284,24.1713511,120.6443338
2599103050,24.1713344,120.6441806
13582966261,24.1679523,120.6410171
2222701916,24.1678303,120.640941
5499260746,24.1437907,120.6468372
413411794,24.1508318,120.6551182
3955356783,24.1508809,120.6538722
2659007865,24.1507731,120.6530208
2597789635,24.1507759,120.6538757
2403314088,24.1762023,120.6551331
7265639318,24.1761867,120.6538688
3914035515,24.1761861,120.6519464
2852195874,24.1523879,120.6448866
2655942492,24.1523836,120.6450903
2403314213,24.194529,120.6572173
2625569469,24.1951595,120.6583239
3703035773,24.1952154,120.6584373
2625594510,24.1979084,120.6538789
2625594511,24.1984118,120.6549527
2625594512,24.1981095,120.6564552
2625594517,24.1976111,120.6554257
2625594516,24.1966308,120.6560469
2403314455,24.1955427,120.6566426
3426932382,24.1930531,120.6597539
2625594530,24.1930521,120.6596372
2403314378,24.1927549,120.6582229
2403314421,24.1926653,120.6582737
2625594539,24.1929507,120.6596986
2625594547,24.1914901,120.6606082
2333043900,24.1856346,120.6641331
4423817086,24.1859999,120.6648261
2501436839,24.1866493,120.666058
3914035519,24.1875405,120.6677771
2625594600,24.1846726,120.6579714
2625594599,24.1847468,120.657967
2479029261,24.1901285,120.6635364
2632076620,24.191824,120.6634969
2632076612,24.1905963,120.6611327
2632076613,24.1906342,120.6612319
5294890011,24.1731399,120.6137095
2181526592,24.1999027,120.6555703
2181526589,24.1998624,120.6554563
3433258558,24.1995853,120.6547937
2181526588,24.1995274,120.6546609
2320003295,24.1979837,120.6509318
2181526578,24.1965853,120.6475835
7216723043,24.1965507,120.6475083
2181538089,24.1996095,120.6557451
7216723042,24.1962754,120.6476442
7216723041,24.1962318,120.6476699
1208283478,24.1591133,120.6391564
2655942484,24.1528351,120.6466853
2655942485,24.1528802,120.6452657
2655942486,24.1536242,120.6453595
2285774334,24.1530596,120.6730343
2657775895,24.1499378,120.6551282
4634092568,24.1499393,120.6530201
2657775897,24.1499401,120.6522271
7936102876,24.1537923,120.6675642
2775551888,24.1584675,120.6720827
2674338909,24.159205,120.6720825
2663073620,24.1639455,120.6823731
2273314804,24.1639021,120.6850055
2273314805,24.1639009,120.6851031
2222701898,24.1660518,120.6435229
2285844933,24.1613018,120.6627315
2222522299,24.1387161,120.6838198
5520441521,24.1508212,120.6700028
5412034766,24.1987829,120.6562418
2127364235,24.1440863,120.6776385
2285774271,24.1497478,120.6742213
2222522366,24.1439501,120.6792926
2284346553,24.1421813,120.6813627
3283314503,24.1392051,120.6847612
6341748165,24.158451,120.6736467
2479028792,24.172444,120.6834871
2479028788,24.1722805,120.6834768
2782665603,24.1768746,120.6858848
1596002756,24.1723319,120.6351426
2833196323,24.1691902,120.6726203
2852195873,24.1510358,120.6442293
2310876556,24.1641431,120.6606446
2285844904,24.154112,120.6578018
2285844905,24.1541599,120.6577074
2921806861,24.1499351,120.6943617
2921806858,24.1497587,120.694451
2921806847,24.1479094,120.6934515
2924917824,24.1488256,120.673257
2984132842,24.1736897,120.6331386
8349349076,24.1506747,120.6699838
1192918508,24.1689312,120.6391034
2222553859,24.1572805,120.6597339
343353882,24.1530009,120.6667416
1192918963,24.1692207,120.6392974
1263334039,24.1400782,120.6465863
1263334029,24.1399582,120.6465861
1019449001,24.1400505,120.6616934
2406512851,24.139963,120.6468225
1019449044,24.1400238,120.6499231
3504352687,24.1570522,120.6597193
3504352685,24.1571249,120.6597654
5057628097,24.1691313,120.6392375
13582966257,24.1676018,120.640799
2320046585,24.1461718,120.6720468
297717027,24.1462265,120.6719699
791389854,24.1548277,120.6638743
387741404,24.1737195,120.6713422
3022483285,24.14791,120.698006
5094365539,24.1479996,120.6979077
5094365540,24.1479124,120.697897
3027389429,24.1787065,120.6707874
3027389559,24.1782869,120.685985
2336845134,24.1701352,120.718545
2286334524,24.1410677,120.6667883
3182231466,24.1811266,120.7243517
2272848299,24.1803785,120.7260259
3198439705,24.1747893,120.6676389
3198439733,24.1734565,120.6684869
3198490526,24.1779466,120.6701891
3212336320,24.1611566,120.6443295
3212336327,24.1605557,120.6439278
1234819279,24.1612149,120.6442206
1234819288,24.1606327,120.6438145
3285466348,24.150621,120.6699332
2217884310,24.1510914,120.6943652
2217884311,24.1510877,120.6944296
3324711841,24.1827021,120.692048
5040167704,24.1745537,120.6856205
2273314834,24.1727415,120.685489
2273314837,24.1738975,120.6856591
2273314835,24.1733572,120.6856202
3339149493,24.1863473,120.6637193
3339150100,24.1871063,120.6632787
1147069737,24.144016,120.6697159
10276618508,24.1433021,120.6689705
263152592,24.1411291,120.6667174
10276618380,24.1401338,120.6655976
2406512881,24.1401287,120.6641685
5520565628,24.150848,120.6652878
2663073649,24.1684435,120.6836054
4422830394,24.1669289,120.6913466
2273306462,24.1831958,120.6962246
3388981023,24.1825391,120.699689
3388981057,24.1830234,120.6932562
3390619401,24.1824186,120.6908069
2192305779,24.1708497,120.6854355
5286997089,24.1659954,120.6851406
2273314811,24.165997,120.6850385
3711540338,24.1718537,120.6876881
1282923531,24.1719767,120.6877019
3391179538,24.1753073,120.6857776
1264707095,24.1715925,120.690966
2273314832,24.17222,120.6855468
3787601943,24.1932334,120.6595154
2632076709,24.1933183,120.6595905
3426932385,24.1940268,120.6591531
1596002767,24.1724127,120.6350308
2285844912,24.1559873,120.6588926
2285844911,24.1559334,120.6589886
13190493452,24.1402019,120.6657492
3387065012,24.1401427,120.6616931
2643456095,24.1467067,120.6616887
2320046583,24.1418023,120.6675454
2320046575,24.1432409,120.6690404
2320046578,24.1439556,120.6697867
2170314060,24.1669909,120.6850776
2273314828,24.1720753,120.6855328
2285845060,24.16323,120.6767846
2440634457,24.16324,120.6765536
2641897031,24.1621506,120.6640935
2273314800,24.162994,120.685106
3471556247,24.1723409,120.6500168
2409695100,24.1724088,120.664174
2383676012,24.1772741,120.6694993
1264707117,24.173924,120.671302
2310876558,24.1648394,120.6509127
3502366707,24.1530125,120.6889979
3502153336,24.153039,120.688911
2493550221,24.153573,120.6892234
3502153334,24.1536018,120.6891368
3502366716,24.1529385,120.6888734
3555961414,24.2004852,120.6550861
3555961415,24.2005465,120.6551952
6130545331,24.1508586,120.6454484
2403314367,24.1746075,120.659866
2403314204,24.1746401,120.6599763
704461094,24.1467034,120.6653032
380038134,24.1466967,120.6698539
2285844894,24.1508471,120.657365
2179606707,24.1525289,120.6573888
413411792,24.1508487,120.6572642
5521014889,24.1495644,120.6698188
2273314783,24.1590459,120.6850941
2384395911,24.1602681,120.6851035
5813786238,24.178449,120.6243574
3893055357,24.1829692,120.6152601
2286393459,24.1381052,120.6877438
378722823,24.1712689,120.6442558
3683225177,24.1657092,120.6436171
4401085478,24.1449224,120.6466063
4401085477,24.1438125,120.6465977
1210455303,24.1627563,120.649763
387741398,24.1665062,120.6525976
13582966260,24.1678889,120.641103
1167823576,24.1693801,120.6424564
1210455262,24.1703848,120.6433679
2569917286,24.1714028,120.6442579
791017493,24.1723709,120.6455675
13582966256,24.1677369,120.6408829
263152663,24.1643794,120.6463428
410063352,24.1626605,120.6496962
791389748,24.1547637,120.6638332
3714873605,24.1672617,120.653152
10309974995,24.1303331,120.6849917
5075349548,24.1541818,120.6736432
1192918700,24.1676202,120.6382753
13582966259,24.1677628,120.6410316
2597784475,24.1509625,120.6454489
768592761,24.1582452,120.6761711
768592719,24.1591966,120.6758868
1234819227,24.1599377,120.6433557
1234819389,24.159873,120.6434707
1234819355,24.158949,120.6427132
1234819308,24.158857,120.6426534
2597739079,24.1576273,120.6418553
3800216777,24.1821591,120.7039805
3822288009,24.1821959,120.7066974
3822288011,24.1821949,120.706484
1019449032,24.1366551,120.6499658
277967313,24.182084,120.7194926
2286334583,24.1521596,120.6658152
2273306375,24.1821681,120.7019782
2127364520,24.1826369,120.6993504
3169776372,24.1820594,120.7018641
1245798154,24.1714636,120.6910115
263152100,24.159198,120.6757434
2285774576,24.1592038,120.6736414
5855539142,24.1695199,120.6725085
768592762,24.170112,120.6723263
2440639576,24.1716869,120.6719338
2384398732,24.1591871,120.6765016
3555961439,24.2042305,120.653091
2440634485,24.1730518,120.6794094
2333048291,24.173583,120.6761572
2440634509,24.1730024,120.6796773
2440634510,24.172829,120.6796572
2273314829,24.1720872,120.6854316
791389958,24.1591645,120.6609771
2479029031,24.1847394,120.6578688
4778950362,24.1846834,120.6568055
4778950367,24.1846336,120.6556879
7265639336,24.1845481,120.6556865
4778950403,24.1846067,120.656809
2479029028,24.1846668,120.6578669
7265639319,24.1761088,120.6538695
5652867654,24.182015,120.6518505
4195127672,24.1820174,120.6519695
4195127676,24.1835543,120.6519791
4195127675,24.183551,120.6518533
4332200053,24.1827811,120.6987253
2403314559,24.1835615,120.664537
5585663618,24.1838294,120.6650429
2285844896,24.1525314,120.6572753
2285845030,24.1631448,120.6767814
2640718961,24.1849876,120.661563
6347890497,24.1849096,120.6615685
6910969120,24.1903661,120.6733601
4423739252,24.199457,120.670892
2217884312,24.1515946,120.6943729
2135456141,24.1515911,120.6944449
752671758,24.1388773,120.6965329
1208283521,24.1554357,120.6467006
2597739054,24.1553364,120.6467009
2501718186,24.1814553,120.6734224
4852838315,24.1823632,120.7078557
3798200651,24.1822028,120.7078569
4852838317,24.1823097,120.7039912
4874067569,24.1824925,120.6911572
2406512871,24.1400492,120.664169
4961242656,24.1823626,120.7098432
4973988358,24.1884032,120.6733793
4973988357,24.1898,120.6722708
13968110142,24.1898499,120.6722421
2273307136,24.1876632,120.6754844
2273307137,24.1877153,120.6755585
4973988390,24.186081,120.6712351
4973988373,24.1871389,120.6729307
4973988372,24.1872417,120.6731002
4973988371,24.1883572,120.6749081
2273307140,24.1884055,120.6749882
4973988350,24.1887885,120.670204
4973988377,24.1873288,120.6713015
4973988384,24.1917314,120.6722564
4973988391,24.1870137,120.6706359
4973988396,24.1885115,120.6696592
4973988395,24.1885467,120.6696326
4973988408,24.1879422,120.6725206
4973988354,24.189344,120.6713557
4973988409,24.1893865,120.671328
2273307127,24.1842063,120.6784435
8165007156,24.1841254,120.6785146
4974084682,24.1824346,120.6799799
4974084681,24.1825,120.6800425
1208283466,24.1562481,120.6438801
5645881376,24.1554368,120.6469195
753036393,24.1588889,120.6389494
3469369681,24.1684104,120.6851597
2273314833,24.1722336,120.6854452
1296335917,24.1827125,120.6994538
2073166460,24.182287,120.7118768
13021803226,24.1508477,120.6697858
5520441522,24.1506846,120.6698584
13021803238,24.1508181,120.6701244
2285774450,24.1557254,120.6736441
2285774469,24.1562627,120.673636
13358756825,24.1479628,120.7004197
1263333950,24.1400812,120.6468265
2522798457,24.1426063,120.6468407
5536966028,24.142594,120.6465913
791401854,24.1569452,120.6596512
2285844909,24.1554211,120.6585208
2599103062,24.1748611,120.6489451
2599103063,24.1752524,120.6495367
746174293,24.1758447,120.6507155
2623539867,24.2004992,120.657095
2181538096,24.2000477,120.6573153
1234819119,24.1511305,120.6426536
2520647461,24.1507819,120.6514028
2524042400,24.1507822,120.6522237
5536966027,24.1437508,120.6465987
1019449005,24.1508487,120.6616854
704461088,24.1432495,120.6652863
13021803239,24.1507631,120.6700701
8165006949,24.1903163,120.6732757
4973988415,24.1892917,120.6711302
2625594554,24.1894224,120.6618227
3426932994,24.1884904,120.6623489
1634084655,24.1894573,120.6619192
1647311816,24.1885425,120.6624414
2333043917,24.1856388,120.6639823
5374174630,24.1915369,120.6607162
2479029015,24.1839543,120.6651122
2501436840,24.1866996,120.6660265
2479029151,24.1875789,120.6677224
4973988412,24.1878596,120.672355
4973988375,24.1889479,120.6744167
8165006929,24.1889954,120.6744983
5595599933,24.2031385,120.653685
4973988414,24.1892464,120.6711603
3339149494,24.1860582,120.6647905
2403314485,24.1852912,120.6634919
2403313834,24.1853667,120.6634465
3014256302,24.1962763,120.6562473
2494655168,24.1534401,120.6791212
5856357406,24.1650889,120.6823755
2408395776,24.1654404,120.6770075
2493436033,24.1616909,120.6766735
2384398734,24.1604069,120.6765996
2408395758,24.1651863,120.6771958
2408395757,24.1651733,120.6769144
2597739061,24.1556672,120.6467016
2674338890,24.1612043,120.6628113
3683225211,24.1580999,120.6577827
2285844908,24.1553741,120.6586177
5094365549,24.147994,120.6972978
5094365551,24.1479198,120.6972872
1263333984,24.1592974,120.647499
2320046529,24.1501894,120.6762738
2222553767,24.1483016,120.6727199
2403313992,24.1733111,120.6638682
5819748698,24.1728787,120.6624247
1253928433,24.1831324,120.6153783
1430832186,24.1828163,120.602635
2403314354,24.1724049,120.660843
2403314601,24.1704228,120.6559174
2403314310,24.1706061,120.6578202
2403313916,24.1704559,120.6579311
1210454773,24.1748589,120.648787
2599103064,24.1753093,120.6494977
2599103047,24.1704488,120.643292
1167824081,24.1694417,120.6423742
3914035516,24.1760942,120.651946
3914035514,24.1761806,120.65184
1184149146,24.1759273,120.6506686
4195127678,24.1852601,120.6518036
7216723040,24.1852524,120.6519264
7216723039,24.1853525,120.6519233
3914035517,24.1760916,120.6518399
2625594558,24.1848248,120.6591779
2625594559,24.1847432,120.6591829
2333043899,24.1855747,120.6640196
2383676013,24.1772093,120.6693889
2501718187,24.1811097,120.6738976
2383675994,24.1824736,120.6748981
5856155293,24.1663839,120.6774628
2479028778,24.1684693,120.6829477
5856301631,24.1669906,120.6851783
1632701039,24.1818151,120.6820845
2273307107,24.1818946,120.6820883
2273307098,24.1815907,120.6860962
2273307104,24.1817918,120.6834637
8165007147,24.181902,120.6819947
2273307131,24.1858849,120.6770689
2273307101,24.1817075,120.6834579
1696147057,24.1802434,120.6860014
2273314851,24.1802373,120.6861175
1263333959,24.1507774,120.6468559
2597789616,24.1507834,120.6477979
2597789619,24.1507927,120.6487491
2597789626,24.1507822,120.6498092
2655942495,24.1510228,120.6444458
1234819205,24.1510599,120.6438288
3751506383,24.1507822,120.6506318
1019448906,24.1401349,120.649922
263182355,24.1536082,120.646693
5947070122,24.1555601,120.6469245
2522796594,24.1508803,120.6487605
2597789665,24.1508852,120.647798
1184180455,24.1509584,120.6438288
2673110785,24.157391,120.6417053
1208283416,24.157325,120.6418218
2597767458,24.1626591,120.6451754
5916214842,24.1385285,120.6840357
4014688881,24.1774319,120.6858095
2569380234,24.1774196,120.6859116
1632701029,24.1790943,120.6859242
2273314849,24.1790905,120.6860422
2273307095,24.1815018,120.6860939
2273314838,24.1745422,120.6857232
277967555,24.1815141,120.6862017
2479029003,24.1832841,120.695085
369669481,24.1820172,120.688479
2273306452,24.1829821,120.6982474
2273306468,24.1832848,120.6962277
2273306356,24.1818004,120.6871547
2273306340,24.1816042,120.6862034
4973988385,24.1917006,120.6721239
2383675937,24.1931052,120.6713538
2273307130,24.1857919,120.6770208
2333048257,24.1841591,120.6783761
2333048286,24.1840726,120.6784446
8165007146,24.181822,120.6819869
2273306448,24.1828916,120.6982409
3169776369,24.1821662,120.7018772
3169776373,24.1820629,120.7019669
13074074550,24.1822347,120.7024188
6106382910,24.1517824,120.6438372
1234819189,24.1570149,120.6467168
1234819340,24.1587937,120.6427643
11060845937,24.1970658,120.6571156
753036500,24.1508768,120.6468599
1263334016,24.1536104,120.6469211
2155791895,24.1818894,120.7215021
2155713241,24.1818603,120.7217797
1900557603,24.1815943,120.7230002
3683225210,24.1581864,120.6578395
768592721,24.164294,120.6601192
2403409706,24.1710657,120.6589918
5645881377,24.1556707,120.6469259
2440630883,24.1712106,120.6942495
2440630887,24.171088,120.6942321
5057629974,24.1507332,120.6699156
2222553820,24.1545774,120.6643172
3504352683,24.1545186,120.6642803
1234819274,24.1570102,120.6469362
1234819433,24.1588856,120.6428246
5645881375,24.1553354,120.6469242
3022483282,24.1479977,120.6980205
2273314801,24.1630974,120.6850003
663692467,24.1630987,120.6851065
5844097587,24.185698,120.6640963
5411985851,24.1985207,120.6562184
5411985847,24.1997821,120.6563516
389520598,24.1993109,120.6557866
1234819109,24.1571458,120.6469368
13190493451,24.1400716,120.6656952
2273306352,24.1816219,120.6871861
12176455233,24.1823407,120.706251
12176455232,24.1821955,120.7062515
